<?xml version="1.0" encoding="UTF-8" standalone="yes"?>
<manifest>
  <control namespace="AdresseAPI" constructor="AdresseAPI" version="0.0.1" display-name-key="AdresseAPI" description-key="AdresseAPI description" control-type="standard" api-version="1.3.8">
    <external-service-usage enabled="false"/>
    <property name="address_line_1" display-name-key="address_line_1" description-key="address_line_1" of-type="SingleLine.Text" usage="bound" required="true"/>
    <property name="city" display-name-key="city" description-key="city" of-type="SingleLine.Text" usage="bound" required="true"/>
    <property name="postcode" display-name-key="postcode" description-key="postcode" of-type="SingleLine.Text" usage="bound" required="true"/>
    <property name="country" display-name-key="country" description-key="country" of-type="SingleLine.Text" usage="bound" required="false"/>
    <property name="arrondissement" display-name-key="arrondissement" description-key="Nom arrondissement" of-type="SingleLine.Text" usage="bound" required="false"/>
    <property name="codeInsee" display-name-key="Code Insee" description-key="Code Insee" of-type="SingleLine.Text" usage="bound" required="false"/>
    <property name="oldcity" display-name-key="Ancienne commune" description-key="Ancienne commune" of-type="SingleLine.Text" usage="bound" required="false"/>
    <property name="oldcitycode" display-name-key="Code Insee Ancienne commune" description-key="Code Insee Ancienne commune" of-type="SingleLine.Text" usage="bound" required="false"/>
    <property name="latitude" display-name-key="latitude" description-key="latitude" of-type="Whole.None" usage="bound" required="false"/>
    <property name="longitude" display-name-key="longitude" description-key="longitude" of-type="Whole.None" usage="bound" required="false"/>
    <resources>
      <code path="bundle.js" order="1"/>
      <css path="css/style.css" order="1"/>
    </resources>
    <built-by name="pac" version="1.29.6"/>
  </control>
</manifest>