<manifest><control namespace="AdresseAPI" constructor="AdresseAPI" version="0.0.1" display-name-key="AdresseAPI" description-key="AdresseAPI description" control-type="standard" api-version="1.2.1"><property name="address_line_1" display-name-key="address_line_1" description-key="address_line_1" of-type="SingleLine.Text" usage="bound" required="true" /><property name="city" display-name-key="city" description-key="city" of-type="SingleLine.Text" usage="bound" required="true" /><property name="postcode" display-name-key="postcode" description-key="postcode" of-type="SingleLine.Text" usage="bound" required="true" /><resources><code path="bundle.js" order="1" /><css path="css/style.css" order="1" /></resources><built-by name="pac" version="1.3.6" /></control></manifest>